RQ,Comparacao,Variante_A,Variante_B,SoftDice_mean_all_models,SoftDice_std_all_models,Delta_TokensIn_mean
P1_isolated_effects,nullable vs baseline,v03_plus_nullable,v00_baseline,0.8663174135196541,0.12763548026346966,1443.75
P1_isolated_effects,numeric_stats vs baseline,v04_plus_numeric_stats,v00_baseline,0.8170900839691361,0.15163599956974172,9197.25
P1_isolated_effects,FK vs baseline,v02_plus_fk,v00_baseline,0.7952351740664906,0.1643410771673115,3679.75
P1_isolated_effects,sample_rows vs baseline,v07_plus_sample_rows,v00_baseline,0.7431758777755829,0.17207351095600587,13048.75
P1_isolated_effects,frequent_values vs baseline,v06_plus_frequent_values,v00_baseline,0.7367591614524523,0.20806990317991877,18259.25
P1_isolated_effects,sample_values vs baseline,v05_plus_sample_values,v00_baseline,0.7109288506209851,0.20542433286345496,33514.25
P2_numeric_stats,full vs full-sem-numeric_stats,v01_full,v24_full_no_numeric_stats,0.8567837963915533,0.14297592184846714,7992.5
P2_numeric_stats,numeric_stats + nullable vs nullable,v14_nullable_plus_numeric_stats,v03_plus_nullable,0.821627698155741,0.1469130577979042,9328.5
P2_numeric_stats,numeric_stats sozinho,v04_plus_numeric_stats,v00_baseline,0.8170900839691361,0.15163599956974172,9197.25
P3_sample_rows_vs_col_values,full vs full-sem-rows,v01_full,v25_full_no_sample_rows,0.804278590488765,0.19144481028613383,13110.5
P3_sample_rows_vs_col_values,rows+sample_val vs sample_val,v15_sample_rows_vs_sample_values,v05_plus_sample_values,0.7883433883802758,0.17895882806387278,13054.25
P3_sample_rows_vs_col_values,rows+freq_val vs rows,v16_sample_rows_vs_frequent_values,v07_plus_sample_rows,0.7835244425055053,0.17555220603322308,18264.75
P3_sample_rows_vs_col_values,rows+sample_val vs rows,v15_sample_rows_vs_sample_values,v07_plus_sample_rows,0.7495653207103411,0.18568660635527495,33519.75
P3_sample_rows_vs_col_values,rows vs sample_values,v07_plus_sample_rows,v05_plus_sample_values,0.7430742058489058,0.2031771042875182,-20465.5
P3_sample_rows_vs_col_values,rows+ambos vs rows,v17_sample_rows_plus_both_values,v07_plus_sample_rows,0.7320009449703826,0.20394485320252892,50572.0
P3_sample_rows_vs_col_values,rows vs frequent_values,v07_plus_sample_rows,v06_plus_frequent_values,0.7231690439706048,0.1892076634016829,-5210.5
P4_fk_interaction,FK+ambos vs FK+sample_val,v10_fk_plus_sample_and_frequent,v08_fk_plus_sample_values,0.8483592737466097,0.16720441927224478,17052.25
P4_fk_interaction,FK+sample_val vs sample_val,v08_fk_plus_sample_values,v05_plus_sample_values,0.8109352060904106,0.16232517373875005,3679.75
P4_fk_interaction,FK+freq_val vs freq_val,v09_fk_plus_frequent_values,v06_plus_frequent_values,0.8099462228102817,0.17602901814666613,3679.75
P4_fk_interaction,FK+rows vs rows,v11_fk_plus_sample_rows,v07_plus_sample_rows,0.8085053655422395,0.15413779700036742,3679.75
P4_fk_interaction,FK isolado vs baseline,v02_plus_fk,v00_baseline,0.7952351740664906,0.1643410771673115,3679.75
P5_nullable_interaction,nullable isolado vs baseline,v03_plus_nullable,v00_baseline,0.8663174135196541,0.12763548026346966,1443.75
P5_nullable_interaction,nullable+sample_val vs sample_val,v12_nullable_plus_sample_values,v05_plus_sample_values,0.8481916671411859,0.15498542847187682,1575.0
P5_nullable_interaction,nullable+numeric_stats vs numeric_stats,v14_nullable_plus_numeric_stats,v04_plus_numeric_stats,0.8323905423490537,0.16470310189822907,1575.0
P5_nullable_interaction,nullable+freq_val vs freq_val,v13_nullable_plus_frequent_values,v06_plus_frequent_values,0.8091580679640175,0.1619181809216499,1575.0
P7_vs_full,v24_full_no_numeric_stats vs v01_full,v24_full_no_numeric_stats,v01_full,0.8567837963915533,0.14297592184846714,-7992.5
P7_vs_full,v23_fk_nullable_sample_rows_plus_sample_values vs v01_full,v23_fk_nullable_sample_rows_plus_sample_values,v01_full,0.8109504419896338,0.1623605240809423,-33647.5
P7_vs_full,v18_fk_nullable_sample_values vs v01_full,v18_fk_nullable_sample_values,v01_full,0.8081195458976759,0.17388854781191926,-46701.75
P7_vs_full,v17_sample_rows_plus_both_values vs v01_full,v17_sample_rows_plus_both_values,v01_full,0.8065310501390033,0.17936063369001612,-21850.0
P7_vs_full,v25_full_no_sample_rows vs v01_full,v25_full_no_sample_rows,v01_full,0.804278590488765,0.19144481028613383,-13110.5
P7_vs_full,v10_fk_plus_sample_and_frequent vs v01_full,v10_fk_plus_sample_and_frequent,v01_full,0.8000329676601622,0.17443437583330168,-31224.5
P7_vs_full,v20_fk_nullable_both_values vs v01_full,v20_fk_nullable_both_values,v01_full,0.7972619607630703,0.17345328712585786,-29649.5
P7_vs_full,v08_fk_plus_sample_values vs v01_full,v08_fk_plus_sample_values,v01_full,0.7888498057507807,0.18205007484914384,-48276.75
P7_vs_full,v15_sample_rows_vs_sample_values vs v01_full,v15_sample_rows_vs_sample_values,v01_full,0.7876619529806906,0.154930730824424,-38902.25
P7_vs_full,v16_sample_rows_vs_frequent_values vs v01_full,v16_sample_rows_vs_frequent_values,v01_full,0.770945903700259,0.19463042884117127,-54157.25
P7_vs_full,v22_fk_nullable_sample_rows_plus_frequent vs v01_full,v22_fk_nullable_sample_rows_plus_frequent,v01_full,0.7673320055007934,0.19448194499351623,-48902.5
P7_vs_full,v12_nullable_plus_sample_values vs v01_full,v12_nullable_plus_sample_values,v01_full,0.7604251119825576,0.18951733902396528,-50381.5
P7_vs_full,v21_fk_nullable_sample_rows vs v01_full,v21_fk_nullable_sample_rows,v01_full,0.7581196390092373,0.18706576557989496,-67299.0
P7_vs_full,v11_fk_plus_sample_rows vs v01_full,v11_fk_plus_sample_rows,v01_full,0.7510727333525816,0.19815426129129074,-68742.25
P7_vs_full,v19_fk_nullable_frequent_values vs v01_full,v19_fk_nullable_frequent_values,v01_full,0.7490156433648534,0.20414542695740773,-61956.75
P7_vs_full,v05_plus_sample_values vs v01_full,v05_plus_sample_values,v01_full,0.7471646929366721,0.18562595808469112,-51956.5
P7_vs_full,v07_plus_sample_rows vs v01_full,v07_plus_sample_rows,v01_full,0.7429545181492965,0.1801102929436878,-72422.0
P7_vs_full,v13_nullable_plus_frequent_values vs v01_full,v13_nullable_plus_frequent_values,v01_full,0.7403139001379411,0.19261574769604609,-65636.5
P7_vs_full,v09_fk_plus_frequent_values vs v01_full,v09_fk_plus_frequent_values,v01_full,0.7368940778490569,0.20047105063130788,-63531.75
P7_vs_full,v06_plus_frequent_values vs v01_full,v06_plus_frequent_values,v01_full,0.720471097715199,0.20992394244525245,-67211.5
P7_vs_full,v14_nullable_plus_numeric_stats vs v01_full,v14_nullable_plus_numeric_stats,v01_full,0.7182195163849326,0.2163974965390854,-74698.5
P7_vs_full,v02_plus_fk vs v01_full,v02_plus_fk,v01_full,0.7151366849326425,0.19837376297211343,-81791.0
P7_vs_full,v00_baseline vs v01_full,v00_baseline,v01_full,0.7142299617744153,0.1860176222215604,-85470.75
P7_vs_full,v04_plus_numeric_stats vs v01_full,v04_plus_numeric_stats,v01_full,0.7131388794423805,0.212730718303381,-76273.5
P7_vs_full,v03_plus_nullable vs v01_full,v03_plus_nullable,v01_full,0.707383418435024,0.20636832048175255,-84027.0
