Macrotema,Tema,Frequência,Tabelas de Origem,Qtd Tabelas
respostas de questionario de saude,pontuacao de saude mental,1,nhanes_questionnaire.ocq_j,1
respostas de questionario de saude,questionario de saude,31,nhanes_questionnaire.acq_j; nhanes_questionnaire.bpq_j; nhanes_questionnaire.cbqpfa_j; nhanes_questionnaire.cbqpfc_j; nhanes_questionnaire.cdq_j; nhanes_questionnaire.dbq_j; nhanes_questionnaire.diq_j; nhanes_questionnaire.dpq_j; nhanes_questionnaire.duq_j; nhanes_questionnaire.heq_j; nhanes_questionnaire.hiq_j; nhanes_questionnaire.hoq_j; nhanes_questionnaire.hsq_j; nhanes_questionnaire.imq_j; nhanes_questionnaire.inq_j; nhanes_questionnaire.mcq_j; nhanes_questionnaire.ocq_j; nhanes_questionnaire.ohq_j; nhanes_questionnaire.paqy_j; nhanes_questionnaire.pfq_j; nhanes_questionnaire.puqmec_j; nhanes_questionnaire.rhq_j; nhanes_questionnaire.rxqasa_j; nhanes_questionnaire.smqrtu_j; nhanes_questionnaire.smqshs_j; nhanes_questionnaire.vtq_j; nhanes_questionnaire.whq_j,27
respostas de questionario de saude,questionario de saude mental,1,nhanes_questionnaire.dpq_j,1
respostas de questionario de saude,questionario de saude nhanes,1,nhanes_questionnaire.vtq_j,1
respostas de questionario de saude,respostas de questionario de saude,7,nhanes_laboratory.fastqx_j; nhanes_questionnaire.hoq_j; nhanes_questionnaire.hsq_j; nhanes_questionnaire.rhq_j; nhanes_questionnaire.smqrtu_j; nhanes_questionnaire.smqshs_j; nhanes_questionnaire.whqmec_j,7
respostas de questionario de saude,respostas de questionario de saude mental,1,nhanes_questionnaire.dlq_j,1
respostas de questionario de saude,respostas de questionario de saude oral,1,nhanes_questionnaire.ohq_j,1
respostas de questionario de saude,respostas de questionario medico,1,nhanes_questionnaire.rxqasa_j,1
respostas de questionario de saude,respostas questionario saude,3,nhanes_questionnaire.bpq_j; nhanes_questionnaire.inq_j; nhanes_questionnaire.kiq_u_j,3
respostas de questionario de saude,respostas questionario saude mental,1,nhanes_questionnaire.mcq_j,1
pesquisa laboratorial,avaliacao laboratorial,1,nhanes_laboratory.ins_j,1
pesquisa laboratorial,dados laboratoriais,21,nhanes_laboratory.alb_cr_j; nhanes_laboratory.cbc_j; nhanes_laboratory.crco_j; nhanes_laboratory.ethox_j; nhanes_laboratory.fertin_j; nhanes_laboratory.hepb_s_j; nhanes_laboratory.ihgem_j; nhanes_laboratory.ins_j; nhanes_laboratory.phthte_j; nhanes_laboratory.ssagp_j; nhanes_laboratory.ssglyp_j; nhanes_laboratory.ssneon_j; nhanes_laboratory.sstst_j; nhanes_laboratory.ssuvcm_j; nhanes_laboratory.ssuvoc_j; nhanes_laboratory.uas_j; nhanes_laboratory.uhg_j; nhanes_laboratory.uio_j; nhanes_laboratory.utas_j; nhanes_laboratory.uvoc_j; nhanes_laboratory.vitaec_j,21
pesquisa laboratorial,dados laboratoriais sanguineos,1,nhanes_laboratory.trigly_j,1
pesquisa laboratorial,inquerito laboratorial nhanes,1,nhanes_laboratory.hepb_s_j,1
pesquisa laboratorial,jejum laboratorial,1,nhanes_laboratory.fastqx_j,1
pesquisa laboratorial,pesquisa de laboratorio,1,nhanes_laboratory.opd_j,1
pesquisa laboratorial,pesquisa laboratorial,6,nhanes_laboratory.glu_j; nhanes_laboratory.uas_j; nhanes_laboratory.ucot_j; nhanes_laboratory.uhg_j; nhanes_laboratory.um_j; nhanes_laboratory.utas_j,6
pesquisa laboratorial,pesquisa laboratorial nhanes,2,nhanes_laboratory.ethox_j; nhanes_laboratory.uio_j,2
pesquisa laboratorial,resultados laboratoriais,6,nhanes_laboratory.hepa_j; nhanes_laboratory.hepc_j; nhanes_laboratory.hepe_j; nhanes_laboratory.hiv_j; nhanes_laboratory.uni_j,5
pesquisa laboratorial,valores laboratoriais,5,nhanes_laboratory.cot_j; nhanes_laboratory.ssagp_j; nhanes_laboratory.ssfr_j; nhanes_laboratory.tchol_j; nhanes_laboratory.vic_j,5
pesquisa laboratorial,variaveis laboratoriais,2,nhanes_admin.load_catalog; nhanes_laboratory.ephpp_j,2
ingestao nutricional diaria,consumo de nutrientes,4,nhanes_dietary.dsqids_j; nhanes_dietary.dsqtot_j; nhanes_questionnaire.cbq_j,3
ingestao nutricional diaria,consumo diario de nutrientes,3,nhanes_dietary.dr1iff_j; nhanes_dietary.dr2iff_j; nhanes_dietary.ds2tot_j,3
ingestao nutricional diaria,consumo nutricional diario,2,nhanes_dietary.dr2tot_j; nhanes_dietary.ds1tot_j,2
ingestao nutricional diaria,ingestao calorica diaria,1,nhanes_dietary.dsqtot_j,1
ingestao nutricional diaria,ingestao calorica total,1,nhanes_dietary.dr2tot_j,1
ingestao nutricional diaria,ingestao de alimentos por linha,1,nhanes_dietary.dr1iff_j,1
ingestao nutricional diaria,ingestao de nutrientes,14,nhanes_dietary.dr1iff_j; nhanes_dietary.dr1tot_j; nhanes_dietary.dr2iff_j; nhanes_dietary.dr2tot_j; nhanes_dietary.ds1ids_j; nhanes_dietary.ds1tot_j; nhanes_dietary.ds2ids_j; nhanes_dietary.ds2tot_j,8
ingestao nutricional diaria,ingestao de vitaminas,3,nhanes_dietary.dr2iff_j; nhanes_dietary.ds1ids_j; nhanes_dietary.dsqids_j,3
ingestao nutricional diaria,ingestao nutricional,1,nhanes_dietary.ds2ids_j,1
ingestao nutricional diaria,ingestao nutricional diaria,1,nhanes_dietary.ds1ids_j,1
ingestao nutricional diaria,nutricao,7,nhanes_dietary.dr1iff_j; nhanes_dietary.dr1tot_j; nhanes_dietary.dr2iff_j; nhanes_dietary.dr2tot_j; nhanes_dietary.ds1tot_j; nhanes_dietary.ds2tot_j; nhanes_dietary.dsqtot_j,7
ingestao nutricional diaria,nutrientes consumidos,1,nhanes_dietary.dsqids_j,1
saude geral,saude,2,nhanes_questionnaire.paq_j; nhanes_questionnaire.whq_j,2
saude geral,saude emocional,1,nhanes_questionnaire.heq_j,1
saude geral,saude feminina,1,nhanes_examination.dxxfem_j,1
saude geral,saude geral,1,nhanes_questionnaire.huq_j,1
saude geral,saude mental,29,nhanes_laboratory.fastqx_j; nhanes_questionnaire.alq_j; nhanes_questionnaire.auq_j; nhanes_questionnaire.bpq_j; nhanes_questionnaire.cbqpfc_j; nhanes_questionnaire.dlq_j; nhanes_questionnaire.dpq_j; nhanes_questionnaire.ecq_j; nhanes_questionnaire.heq_j; nhanes_questionnaire.hiq_j; nhanes_questionnaire.hoq_j; nhanes_questionnaire.hsq_j; nhanes_questionnaire.huq_j; nhanes_questionnaire.imq_j; nhanes_questionnaire.kiq_u_j; nhanes_questionnaire.mcq_j; nhanes_questionnaire.ocq_j; nhanes_questionnaire.ohq_j; nhanes_questionnaire.osq_j; nhanes_questionnaire.pfq_j; nhanes_questionnaire.puqmec_j; nhanes_questionnaire.rhq_j; nhanes_questionnaire.smqfam_j; nhanes_questionnaire.smqrtu_j; nhanes_questionnaire.smqshs_j; nhanes_questionnaire.whqmec_j,26
saude geral,saude ocupacional,1,nhanes_questionnaire.osq_j,1
saude geral,saude publica,2,nhanes_laboratory.hepb_s_j; nhanes_questionnaire.smq_j,2
saude geral,saude reprodutiva,2,nhanes_laboratory.sstst_j; nhanes_questionnaire.kiq_u_j,2
medidas corporais,analise de composicao corporal,1,nhanes_examination.bmx_j,1
medidas corporais,antropometria,1,nhanes_examination.bmx_j,1
medidas corporais,avaliacao de composicao corporal,1,nhanes_examination.auxwbr_j,1
medidas corporais,avaliacao de gordura corporal,1,nhanes_examination.dxx_j,1
medidas corporais,circunferencia da cintura,1,nhanes_examination.bmx_j,1
medidas corporais,circunferencias corporais,1,nhanes_examination.bmx_j,1
medidas corporais,composicao corporal,5,nhanes_examination.dxx_j; nhanes_examination.dxxag_j; nhanes_examination.dxxfem_j; nhanes_examination.dxxspn_j,4
medidas corporais,dados antropometricos,1,nhanes_examination.dxxag_j,1
medidas corporais,dados biometricos,1,nhanes_examination.dxxfem_j,1
medidas corporais,distribuicao de gordura,1,nhanes_examination.dxxag_j,1
medidas corporais,indice de massa corporal,2,nhanes_examination.bmx_j,1
medidas corporais,medidas antropometricas,6,nhanes_examination.auxtym_j; nhanes_examination.auxwbr_j; nhanes_examination.bmx_j; nhanes_examination.bpxo_j; nhanes_examination.dxxag_j,5
medidas corporais,medidas biometricas,4,nhanes_examination.dxxspn_j; nhanes_laboratory.ins_j; nhanes_laboratory.sstst_j; nhanes_questionnaire.bpq_j,4
medidas corporais,medidas corporais,1,nhanes_questionnaire.whq_j,1
medidas corporais,medidas de circunferencia abdominal,1,nhanes_examination.auxwbr_j,1
medidas corporais,medidas de peso corporal,1,nhanes_examination.auxwbr_j,1
medidas corporais,peso corporal,3,nhanes_questionnaire.cbqpfa_j; nhanes_questionnaire.whq_j; nhanes_questionnaire.whqmec_j,3
medidas corporais,variaveis biometricas,5,nhanes_examination.bpx_j; nhanes_laboratory.phthte_j; nhanes_laboratory.ssneon_j; nhanes_laboratory.ssuvcm_j; nhanes_laboratory.ssuvoc_j,5
saude autorreferida,analise de saude,25,nhanes_examination.auxar_j; nhanes_examination.auxtym_j; nhanes_examination.auxwbr_j; nhanes_examination.bpx_j; nhanes_examination.dxx_j; nhanes_examination.dxxag_j; nhanes_examination.dxxspn_j; nhanes_laboratory.glu_j; nhanes_laboratory.hepa_j; nhanes_laboratory.hepc_j; nhanes_laboratory.hepe_j; nhanes_laboratory.hscrp_j; nhanes_laboratory.ihgem_j; nhanes_laboratory.ins_j; nhanes_laboratory.phthte_j; nhanes_laboratory.ssagp_j; nhanes_laboratory.ssneon_j; nhanes_laboratory.sstst_j; nhanes_laboratory.ssuvcm_j; nhanes_laboratory.ssuvoc_j; nhanes_laboratory.uas_j; nhanes_laboratory.uhg_j; nhanes_laboratory.uio_j; nhanes_laboratory.uvoc_j; nhanes_questionnaire.cbq_j,25
saude autorreferida,exame de saude,1,nhanes_examination.aux_j,1
saude autorreferida,percepcao de saude fisica,1,nhanes_questionnaire.whqmec_j,1
saude autorreferida,saude autorreferida,1,nhanes_questionnaire.hsq_j,1
saude autorreferida,saude autorrelatada,1,nhanes_questionnaire.ecq_j,1
estatisticas de saude,analise de saude publica,1,nhanes_laboratory.pfas_j,1
estatisticas de saude,classificacao de saude,1,nhanes_examination.ohxden_j,1
estatisticas de saude,comportamento de saude,5,nhanes_examination.aux_j; nhanes_questionnaire.ecq_j; nhanes_questionnaire.hsq_j; nhanes_questionnaire.huq_j; nhanes_questionnaire.whqmec_j,5
estatisticas de saude,dados de saude,8,nhanes_dietary.ds2ids_j; nhanes_dietary.dsqids_j; nhanes_laboratory.ephpp_j; nhanes_laboratory.ghb_j; nhanes_laboratory.tfr_j; nhanes_laboratory.vic_j; nhanes_questionnaire.fsq_j; nhanes_questionnaire.smqrtu_j,8
estatisticas de saude,dados de saude populacional,2,nhanes_examination.dxx_j; nhanes_laboratory.vocwb_j,2
estatisticas de saude,estatisticas de saude,2,nhanes_examination.bmx_j; nhanes_laboratory.uni_j,2
estatisticas de saude,indicadores de saude,1,nhanes_questionnaire.inq_j,1
estatisticas de saude,indice de saude cardiovascular,1,nhanes_laboratory.tchol_j,1
estatisticas de saude,medidas de saude,2,nhanes_laboratory.ucm_j; nhanes_laboratory.vid_j,2
estatisticas de saude,recursos de saude,1,nhanes_examination.ohxref_j,1
estatisticas de saude,tendencias de saude,1,nhanes_laboratory.ucot_j,1
estatisticas de saude,tendencias de saude publica,3,nhanes_laboratory.fr_j; nhanes_laboratory.pah_j; nhanes_laboratory.uphopm_j,3
exposicao a contaminantes,analise de exposicao a etoxiquina,1,nhanes_laboratory.ethox_j,1
exposicao a contaminantes,exposicao a arsenio urinario,1,nhanes_laboratory.uas_j,1
exposicao a contaminantes,exposicao a bisfenol a,1,nhanes_laboratory.fr_j,1
exposicao a contaminantes,exposicao a contaminantes,1,nhanes_laboratory.ucm_j,1
exposicao a contaminantes,exposicao a etanol,1,nhanes_laboratory.ethox_j,1
exposicao a contaminantes,exposicao a etoxietanol,1,nhanes_laboratory.ethox_j,1
exposicao a contaminantes,exposicao a fenois,1,nhanes_laboratory.fr_j,1
exposicao a contaminantes,exposicao a ftalatos,1,nhanes_laboratory.fr_j,1
exposicao a contaminantes,exposicao a metais,1,nhanes_laboratory.um_j,1
exposicao a contaminantes,exposicao a metais pesados,1,nhanes_laboratory.pbcd_j,1
exposicao a contaminantes,exposicao a pesticidas,3,nhanes_laboratory.ephpp_j; nhanes_laboratory.opd_j; nhanes_laboratory.uphopm_j,3
exposicao a contaminantes,exposicao a pesticidas organofosforados,1,nhanes_laboratory.uas_j,1
exposicao a contaminantes,exposicao a pfas,3,nhanes_laboratory.pfas_j; nhanes_laboratory.sspfas_j,2
exposicao a contaminantes,exposicao a plastificantes,1,nhanes_laboratory.phthte_j,1
exposicao a contaminantes,exposicao a poluentes,2,nhanes_laboratory.sspfas_j; nhanes_laboratory.vocwb_j,2
exposicao a contaminantes,exposicao a substancias quimicas,1,nhanes_laboratory.pfas_j,1
exposicao a contaminantes,exposicao ambiental,3,nhanes_laboratory.ssuvoc_j; nhanes_laboratory.uhg_j; nhanes_laboratory.vocwb_j,3
exposicao a contaminantes,exposicao ambiental a pah,1,nhanes_laboratory.pah_j,1
exposicao a contaminantes,fatores de exposicao ambiental,1,nhanes_questionnaire.vtq_j,1
exposicao a contaminantes,pesquisa de exposicao a poluentes,1,nhanes_laboratory.pah_j,1
padroes dieteticos,analise dietetica,1,nhanes_dietary.dsqtot_j,1
padroes dieteticos,comportamento alimentar,6,nhanes_questionnaire.auq_j; nhanes_questionnaire.cbqpfa_j; nhanes_questionnaire.cbqpfc_j; nhanes_questionnaire.cdq_j; nhanes_questionnaire.dbq_j; nhanes_questionnaire.kiq_u_j,6
padroes dieteticos,dados dieteticos,5,nhanes_dietary.dr1iff_j; nhanes_dietary.dr2tot_j; nhanes_dietary.ds1ids_j; nhanes_dietary.ds1tot_j; nhanes_dietary.ds2tot_j,5
padroes dieteticos,dieta,3,nhanes_dietary.dr1tot_j; nhanes_dietary.dr2iff_j; nhanes_questionnaire.paq_j,3
padroes dieteticos,dieta e amamentacao,1,nhanes_questionnaire.dbq_j,1
padroes dieteticos,dieta recordatoria,1,nhanes_dietary.dr2iff_j,1
padroes dieteticos,entrevista dietetica,1,nhanes_admin.load_catalog,1
padroes dieteticos,padroes alimentares,1,nhanes_questionnaire.kiq_u_j,1
padroes dieteticos,padroes consumo alimentar,1,nhanes_questionnaire.inq_j,1
padroes dieteticos,padroes dieteticos,1,nhanes_questionnaire.dbq_j,1
padroes dieteticos,pesquisa de dieta alimentar,1,nhanes_dietary.ds2tot_j,1
padroes dieteticos,pesquisa dietetica,4,nhanes_dietary.dr1iff_j; nhanes_dietary.dr2tot_j; nhanes_dietary.ds1tot_j; nhanes_dietary.ds2tot_j,4
pesos amostrais,estudo de pesos amostrais,1,nhanes_laboratory.ssuvcm_j,1
pesos amostrais,peso amostral,5,nhanes_dietary.ds1ids_j; nhanes_laboratory.ucm_j; nhanes_laboratory.utas_j; nhanes_questionnaire.cbqpfa_j; nhanes_questionnaire.vtq_j,5
pesos amostrais,peso amostral de pesquisa,1,nhanes_laboratory.ssuvcm_j,1
pesos amostrais,pesos amostrais,12,nhanes_laboratory.fr_j; nhanes_laboratory.pernt_j; nhanes_laboratory.ssagp_j; nhanes_laboratory.ssfr_j; nhanes_laboratory.ssglyp_j; nhanes_laboratory.ssneon_j; nhanes_laboratory.sspfas_j; nhanes_laboratory.ssuvoc_j; nhanes_laboratory.uio_j; nhanes_laboratory.uni_j; nhanes_laboratory.uphopm_j,11
pesos amostrais,pesos amostrais de 2 anos,2,nhanes_laboratory.folate_j; nhanes_laboratory.ssfr_j,2
pesos amostrais,pesos amostrais em pesquisas,1,nhanes_laboratory.phthte_j,1
pesos amostrais,pesos amostrais laboratoriais,1,nhanes_laboratory.ssglyp_j,1
questionario de comportamento,questionario de comportamento,1,nhanes_questionnaire.cbq_j,1
questionario de comportamento,questionario dlq,1,nhanes_questionnaire.dlq_j,1
questionario de comportamento,questionario familiar,1,nhanes_questionnaire.smqfam_j,1
questionario de comportamento,respostas de questionario,19,nhanes_questionnaire.acq_j; nhanes_questionnaire.cbq_j; nhanes_questionnaire.cbqpfa_j; nhanes_questionnaire.cdq_j; nhanes_questionnaire.deq_j; nhanes_questionnaire.ecq_j; nhanes_questionnaire.fsq_j; nhanes_questionnaire.heq_j; nhanes_questionnaire.huq_j; nhanes_questionnaire.imq_j; nhanes_questionnaire.ocq_j; nhanes_questionnaire.osq_j; nhanes_questionnaire.pfq_j; nhanes_questionnaire.puqmec_j; nhanes_questionnaire.smqfam_j; nhanes_questionnaire.vtq_j; nhanes_questionnaire.whq_j,17
questionario de comportamento,respostas questionario comportamento,1,nhanes_questionnaire.cbqpfc_j,1
analise de dados laboratoriais,analise de dados laboratoriais,7,nhanes_laboratory.fr_j; nhanes_laboratory.opd_j; nhanes_laboratory.pah_j; nhanes_laboratory.ucm_j; nhanes_laboratory.ucot_j; nhanes_laboratory.uni_j; nhanes_laboratory.uphopm_j,7
analise de dados laboratoriais,analise de laboratorio,6,nhanes_laboratory.ephpp_j; nhanes_laboratory.fr_j; nhanes_laboratory.ssneon_j; nhanes_laboratory.ssuvoc_j; nhanes_laboratory.uvoc_j; nhanes_laboratory.vocwb_j,6
analise de dados laboratoriais,analise de variaveis laboratoriais,1,nhanes_laboratory.vid_j,1
analise de dados laboratoriais,analise laboratorial,8,nhanes_laboratory.folate_j; nhanes_laboratory.ghb_j; nhanes_laboratory.hdl_j; nhanes_laboratory.hscrp_j; nhanes_laboratory.sspfas_j; nhanes_laboratory.tfr_j,6
dados demograficos,dados demograficos,17,nhanes_admin.load_catalog; nhanes_examination.auxar_j; nhanes_questionnaire.acq_j; nhanes_questionnaire.cbq_j; nhanes_questionnaire.cbqpfa_j; nhanes_questionnaire.cbqpfc_j; nhanes_questionnaire.cdq_j; nhanes_questionnaire.dbq_j; nhanes_questionnaire.deq_j; nhanes_questionnaire.duq_j; nhanes_questionnaire.mcq_j; nhanes_questionnaire.osq_j; nhanes_questionnaire.rhq_j; nhanes_questionnaire.smqfam_j; nhanes_questionnaire.vtq_j; nhanes_questionnaire.whq_j,16
dados demograficos,demografia,1,nhanes_demographics.demo_j,1
dados demograficos,demografia populacional,1,nhanes_demographics.demo_j,1
dados demograficos,estudos populacionais,1,nhanes_laboratory.ucpreg_j,1
dados demograficos,perfil demografico,1,nhanes_demographics.demo_j,1
dados demograficos,status socioeconomico,1,nhanes_demographics.demo_j,1
nivel de glicose,diabetes diagnostico,1,nhanes_questionnaire.diq_j,1
nivel de glicose,glicemia,5,nhanes_laboratory.ghb_j; nhanes_laboratory.glu_j; nhanes_laboratory.ihgem_j; nhanes_laboratory.ssglyp_j; nhanes_questionnaire.diq_j,5
nivel de glicose,glicemia abaixo do limite de deteccao,1,nhanes_laboratory.ssglyp_j,1
nivel de glicose,glicose serica,1,nhanes_laboratory.glu_j,1
nivel de glicose,hemoglobina glicada,2,nhanes_laboratory.ghb_j; nhanes_laboratory.ihgem_j,2
nivel de glicose,indicadores de diabetes,1,nhanes_laboratory.ihgem_j,1
nivel de glicose,indice de glicose,1,nhanes_laboratory.glu_j,1
nivel de glicose,insulina,2,nhanes_laboratory.ihgem_j; nhanes_questionnaire.diq_j,2
nivel de glicose,insulina serica,1,nhanes_laboratory.ins_j,1
nivel de glicose,niveis de glicose,1,nhanes_laboratory.vitaec_j,1
nivel de glicose,niveis de glicose no sangue,1,nhanes_laboratory.glu_j,1
nivel de glicose,niveis de hemoglobina,2,nhanes_laboratory.cot_j; nhanes_laboratory.ihgem_j,2
nivel de glicose,niveis sericos de insulina,1,nhanes_laboratory.ssfr_j,1
nivel de glicose,nivel de glicose,1,nhanes_laboratory.glu_j,1
nivel de glicose,nivel de hemoglobina glicada,1,nhanes_laboratory.ghb_j,1
hepatite b sorologia,anticorpos hepatite c,1,nhanes_laboratory.hepc_j,1
hepatite b sorologia,exames de hepatite,1,nhanes_laboratory.hepa_j,1
hepatite b sorologia,exposicao a hepatite,1,nhanes_questionnaire.heq_j,1
hepatite b sorologia,genotipo hepatite c,1,nhanes_laboratory.hepc_j,1
hepatite b sorologia,hepatite,1,nhanes_questionnaire.heq_j,1
hepatite b sorologia,hepatite a sorologia,1,nhanes_laboratory.hepa_j,1
hepatite b sorologia,hepatite b,3,nhanes_laboratory.hepa_j; nhanes_laboratory.hepbd_j; nhanes_laboratory.hepe_j,3
hepatite b sorologia,hepatite b e d coinfeccao,1,nhanes_laboratory.hepbd_j,1
hepatite b sorologia,hepatite b sorologia,2,nhanes_laboratory.hepb_s_j; nhanes_laboratory.hepbd_j,2
hepatite b sorologia,hepatite b sorologica,1,nhanes_laboratory.hepb_s_j,1
hepatite b sorologia,hepatite c,1,nhanes_laboratory.hepc_j,1
hepatite b sorologia,hepatite d sorologia,1,nhanes_laboratory.hepbd_j,1
hepatite b sorologia,hepatite e igg,1,nhanes_laboratory.hepe_j,1
hepatite b sorologia,hepatite e igm,1,nhanes_laboratory.hepe_j,1
hepatite b sorologia,sorologia hepatite c,1,nhanes_laboratory.hepc_j,1
hepatite b sorologia,sorologia hepatite e,1,nhanes_laboratory.hepe_j,1
tempo de atividade fisica,atividade fisica,7,nhanes_questionnaire.cbqpfc_j; nhanes_questionnaire.paq_j; nhanes_questionnaire.paqy_j,3
tempo de atividade fisica,duracao de caminhada,1,nhanes_questionnaire.paq_j,1
tempo de atividade fisica,frequencia de atividade fisica,2,nhanes_questionnaire.deq_j; nhanes_questionnaire.paq_j,2
tempo de atividade fisica,frequencia de exercicio,1,nhanes_questionnaire.paqy_j,1
tempo de atividade fisica,funcionamento fisico,1,nhanes_questionnaire.pfq_j,1
tempo de atividade fisica,intensidade de atividade,1,nhanes_questionnaire.paqy_j,1
tempo de atividade fisica,intensidade de atividade fisica,1,nhanes_questionnaire.deq_j,1
tempo de atividade fisica,nivel de atividade,2,nhanes_questionnaire.paqy_j; nhanes_questionnaire.slq_j,2
tempo de atividade fisica,tempo de atividade fisica,2,nhanes_questionnaire.deq_j; nhanes_questionnaire.paq_j,2
tempo de atividade fisica,tempo de exercicio,1,nhanes_questionnaire.paq_j,1
consumo de cigarros,avaliacao de tabagismo,1,nhanes_questionnaire.smqrtu_j,1
consumo de cigarros,biomarcadores tabagismo,1,nhanes_laboratory.cot_j,1
consumo de cigarros,cessacao do tabagismo,1,nhanes_questionnaire.smq_j,1
consumo de cigarros,composicao do cigarro,1,nhanes_questionnaire.smq_j,1
consumo de cigarros,consumo de cigarros,1,nhanes_questionnaire.smq_j,1
consumo de cigarros,consumo de tabaco,1,nhanes_questionnaire.duq_j,1
consumo de cigarros,marcas de cigarros,1,nhanes_questionnaire.smq_j,1
consumo de cigarros,niveis de nicotina,1,nhanes_laboratory.ucot_j,1
consumo de cigarros,numero de cigarros,1,nhanes_questionnaire.smqfam_j,1
consumo de cigarros,tabagismo,4,nhanes_questionnaire.smq_j; nhanes_questionnaire.smqrtu_j; nhanes_questionnaire.smqshs_j,3
consumo de cigarros,tabagismo familiar,2,nhanes_questionnaire.smqfam_j,1
consumo de cigarros,uso de cigarros,2,nhanes_questionnaire.smqrtu_j; nhanes_questionnaire.smqshs_j,2
consumo de cigarros,uso de produtos de tabaco,1,nhanes_questionnaire.puqmec_j,1
consumo de cigarros,uso de tabaco,1,nhanes_questionnaire.smq_j,1
pressao arterial,frequencia cardiaca,2,nhanes_examination.bpx_j,1
pressao arterial,hipertensao,1,nhanes_questionnaire.bpq_j,1
pressao arterial,medidas de pressao arterial,1,nhanes_examination.aux_j,1
pressao arterial,medidas repetidas de pressao arterial,1,nhanes_examination.bpxo_j,1
pressao arterial,pressao arterial,5,nhanes_examination.bpx_j; nhanes_questionnaire.bpq_j,2
pressao arterial,pressao arterial diastolica,3,nhanes_examination.bpx_j; nhanes_examination.bpxo_j,2
pressao arterial,pressao arterial sistolica,3,nhanes_examination.bpx_j; nhanes_examination.bpxo_j,2
pressao arterial,pressao arterial sistolica e diastolica,1,nhanes_examination.bpxo_j,1
pressao arterial,pressao de pulso,1,nhanes_examination.bpxo_j,1
pressao arterial,pulso,1,nhanes_examination.bpx_j,1
exames laboratoriais,dados laboratoriais de saude,7,nhanes_laboratory.biopro_j; nhanes_laboratory.fetib_j; nhanes_laboratory.hepbd_j; nhanes_laboratory.pbcd_j; nhanes_laboratory.ssfr_j; nhanes_laboratory.sspfas_j; nhanes_laboratory.um_j,7
exames laboratoriais,exame laboratorial,1,nhanes_laboratory.hdl_j,1
exames laboratoriais,exames biomedicos,1,nhanes_laboratory.uvoc_j,1
exames laboratoriais,exames laboratoriais,5,nhanes_examination.dxxag_j; nhanes_laboratory.biopro_j; nhanes_laboratory.crco_j; nhanes_laboratory.fertin_j; nhanes_laboratory.hepe_j,5
exames laboratoriais,testes laboratoriais,4,nhanes_laboratory.hepa_j; nhanes_laboratory.hepb_s_j; nhanes_laboratory.hepbd_j; nhanes_laboratory.hepc_j,4
metabolitos urinarios,analise de metabolitos urinarios,1,nhanes_laboratory.pah_j,1
metabolitos urinarios,biomarcadores urinarios,1,nhanes_laboratory.ucot_j,1
metabolitos urinarios,ftalatos urinarios,1,nhanes_laboratory.phthte_j,1
metabolitos urinarios,hidrocarbonetos policiclicos aromaticos urinarios,1,nhanes_laboratory.pah_j,1
metabolitos urinarios,iodo urinario,1,nhanes_laboratory.uio_j,1
metabolitos urinarios,mercury urinario,1,nhanes_laboratory.uhg_j,1
metabolitos urinarios,metabolitos urinarios,1,nhanes_laboratory.ssuvoc_j,1
metabolitos urinarios,metais urinarios,1,nhanes_laboratory.um_j,1
metabolitos urinarios,organofosfatos urinarios,1,nhanes_laboratory.opd_j,1
metabolitos urinarios,perfil urinario de nitrato,1,nhanes_laboratory.pernt_j,1
metabolitos urinarios,perfil urinario de perclorato,1,nhanes_laboratory.pernt_j,1
metabolitos urinarios,perfil urinario de tiocianato,1,nhanes_laboratory.pernt_j,1
metabolitos urinarios,ucm urinario,1,nhanes_laboratory.ucm_j,1
metabolitos urinarios,uso de acido urico,1,nhanes_laboratory.utas_j,1
metabolitos urinarios,volume urinario,3,nhanes_laboratory.ucflow_j,1
colesterol total serico,colesterol hdl,1,nhanes_laboratory.hdl_j,1
colesterol total serico,colesterol ldl,1,nhanes_laboratory.trigly_j,1
colesterol total serico,colesterol total,1,nhanes_laboratory.tchol_j,1
colesterol total serico,colesterol total (si),1,nhanes_laboratory.tchol_j,1
colesterol total serico,colesterol total serico,1,nhanes_laboratory.tchol_j,1
colesterol total serico,concentracao de colesterol,1,nhanes_laboratory.vitaec_j,1
colesterol total serico,hdl colesterol,1,nhanes_laboratory.hdl_j,1
colesterol total serico,indice de colesterol serico,1,nhanes_laboratory.tchol_j,1
colesterol total serico,lipidios sanguineos,1,nhanes_laboratory.trigly_j,1
colesterol total serico,niveis de hdl,1,nhanes_laboratory.hdl_j,1
colesterol total serico,niveis de lipidios,1,nhanes_laboratory.trigly_j,1
colesterol total serico,niveis de triglicerideos,1,nhanes_laboratory.trigly_j,1
colesterol total serico,nivel de colesterol total,1,nhanes_laboratory.tchol_j,1
colesterol total serico,nivel de hdl,1,nhanes_laboratory.hdl_j,1
colesterol total serico,perfil lipidico,1,nhanes_laboratory.hdl_j,1
colesterol total serico,triglicerideos sericos,1,nhanes_laboratory.trigly_j,1
colesterol total serico,variabilidade de lipidios,1,nhanes_laboratory.tchol_j,1
exame auditivo,audiometria,4,nhanes_examination.aux_j; nhanes_examination.auxar_j; nhanes_examination.auxtym_j; nhanes_examination.auxwbr_j,4
exame auditivo,avaliacao de audicao,1,nhanes_questionnaire.auq_j,1
exame auditivo,avaliacao de campo visual,1,nhanes_examination.lux_j,1
exame auditivo,exame auditivo,2,nhanes_examination.aux_j; nhanes_examination.auxar_j,2
exame auditivo,exames auditivos,1,nhanes_examination.aux_j,1
exame auditivo,limiar auditivo,1,nhanes_examination.auxtym_j,1
exame auditivo,medidas de acuidade visual,1,nhanes_examination.lux_j,1
exame auditivo,perda auditiva,3,nhanes_examination.aux_j; nhanes_examination.auxtym_j; nhanes_questionnaire.auq_j,3
exame auditivo,resposta auditiva,1,nhanes_examination.auxwbr_j,1
exame auditivo,uso de aparelho auditivo,1,nhanes_questionnaire.auq_j,1
dados de exames,dados de exame,1,nhanes_examination.auxtym_j,1
dados de exames,dados de exames,2,nhanes_examination.dxxspn_j; nhanes_laboratory.vid_j,2
dados de exames,exame de mulheres,1,nhanes_examination.dxxfem_j,1
dados de exames,exames de sangue,2,nhanes_laboratory.hepe_j; nhanes_laboratory.pbcd_j,2
dados de exames,resultados de exames,9,nhanes_laboratory.ephpp_j; nhanes_laboratory.fetib_j; nhanes_laboratory.hepa_j; nhanes_laboratory.hepb_s_j; nhanes_laboratory.hepbd_j; nhanes_laboratory.hepc_j; nhanes_laboratory.ihgem_j; nhanes_laboratory.ssneon_j; nhanes_laboratory.ucpreg_j,9
dados de exames,status de exame,1,nhanes_examination.aux_j,1
consumo de alimentos,acesso a alimentos,2,nhanes_questionnaire.fsq_j; nhanes_questionnaire.inq_j,2
consumo de alimentos,consumo alimentar,10,nhanes_dietary.dr1iff_j; nhanes_dietary.dr1tot_j; nhanes_dietary.dr2iff_j; nhanes_dietary.dr2tot_j; nhanes_dietary.dsqtot_j; nhanes_questionnaire.cbq_j; nhanes_questionnaire.cbqpfa_j; nhanes_questionnaire.cbqpfc_j; nhanes_questionnaire.dbq_j,9
consumo de alimentos,consumo de alimentos,1,nhanes_questionnaire.dbq_j,1
consumo de alimentos,padroes de ingestao,1,nhanes_questionnaire.alq_j,1
consumo de alimentos,padroes de ingestao nutricional,1,nhanes_questionnaire.diq_j,1
avaliacao de saude,autoavaliacao de saude,1,nhanes_questionnaire.hoq_j,1
avaliacao de saude,avaliacao de saude,11,nhanes_examination.lux_j; nhanes_laboratory.fastqx_j; nhanes_questionnaire.acq_j; nhanes_questionnaire.deq_j; nhanes_questionnaire.duq_j; nhanes_questionnaire.hiq_j; nhanes_questionnaire.huq_j; nhanes_questionnaire.osq_j; nhanes_questionnaire.rxqasa_j; nhanes_questionnaire.slq_j; nhanes_questionnaire.vtq_j,11
avaliacao de saude,avaliacao de saude mental,3,nhanes_questionnaire.imq_j; nhanes_questionnaire.puqmec_j; nhanes_questionnaire.whqmec_j,3
vitamina c serica,carotenoides sericos,1,nhanes_laboratory.vitaec_j,1
vitamina c serica,ferritina serica,3,nhanes_laboratory.fertin_j; nhanes_laboratory.fetib_j; nhanes_laboratory.tfr_j,3
vitamina c serica,ferro serico,4,nhanes_laboratory.fertin_j; nhanes_laboratory.fetib_j; nhanes_laboratory.tfr_j,3
vitamina c serica,proteina c reativa,1,nhanes_laboratory.hscrp_j,1
vitamina c serica,proteina c-reativa,1,nhanes_laboratory.hscrp_j,1
vitamina c serica,transferrina serica,1,nhanes_laboratory.tfr_j,1
vitamina c serica,vitamina c serica,1,nhanes_laboratory.vic_j,1
vitamina c serica,vitamina d serica,1,nhanes_laboratory.vid_j,1
vitamina c serica,vitamina e serica,1,nhanes_laboratory.vid_j,1
vitamina c serica,vitaminas sericas,1,nhanes_laboratory.vitaec_j,1
avaliacao de sintomas depressivos,avaliacao de bem-estar,1,nhanes_questionnaire.heq_j,1
avaliacao de sintomas depressivos,avaliacao de depressao,2,nhanes_laboratory.fastqx_j; nhanes_questionnaire.dlq_j,2
avaliacao de sintomas depressivos,avaliacao de sintomas,7,nhanes_questionnaire.dlq_j; nhanes_questionnaire.dpq_j; nhanes_questionnaire.imq_j; nhanes_questionnaire.ocq_j; nhanes_questionnaire.ohq_j; nhanes_questionnaire.puqmec_j; nhanes_questionnaire.smqshs_j,7
avaliacao de sintomas depressivos,avaliacao de sintomas depressivos,1,nhanes_questionnaire.hsq_j,1
avaliacao de sintomas depressivos,avaliacao de sintomas psicologicos,1,nhanes_questionnaire.rhq_j,1
avaliacao de sintomas depressivos,avaliacao de sintomas respiratorios,1,nhanes_questionnaire.smqshs_j,1
avaliacao de sintomas depressivos,avaliacao sintomas depressivos,1,nhanes_questionnaire.mcq_j,1
composicao de nutrientes,composicao de macronutrientes,2,nhanes_dietary.dr2tot_j; nhanes_dietary.dsqtot_j,2
composicao de nutrientes,composicao de nutrientes,1,nhanes_dietary.ds1tot_j,1
composicao de nutrientes,composicao de refeicoes,1,nhanes_dietary.dr2iff_j,1
composicao de nutrientes,pesos dieteticos,1,nhanes_dietary.ds1tot_j,1
composicao de nutrientes,suplementos dieteticos,9,nhanes_dietary.ds1ids_j; nhanes_dietary.ds1tot_j; nhanes_dietary.ds2ids_j; nhanes_dietary.ds2tot_j; nhanes_dietary.dsqids_j; nhanes_dietary.dsqtot_j,6
duracao do sono,duracao de prescricao,1,nhanes_questionnaire.rxqasa_j,1
duracao do sono,duracao do sono,2,nhanes_questionnaire.slq_j,1
duracao do sono,duracao do tratamento,2,nhanes_questionnaire.rxq_rx_j,1
duracao do sono,horarios de sono,3,nhanes_questionnaire.slq_j,1
duracao do sono,padroes de sono,1,nhanes_questionnaire.slq_j,1
duracao do sono,qualidade do sono,1,nhanes_questionnaire.slq_j,1
duracao do sono,tempo de jejum,1,nhanes_laboratory.fastqx_j,1
duracao do sono,tempo de trabalho,1,nhanes_questionnaire.ocq_j,1
duracao do sono,tempo de uso de medicamentos,1,nhanes_questionnaire.rxq_rx_j,1
duracao do sono,trabalho noturno,1,nhanes_questionnaire.ocq_j,1
analise de glicemia,analise de fertilidade,1,nhanes_laboratory.fertin_j,1
analise de glicemia,analise de glicemia,1,nhanes_laboratory.glu_j,1
analise de glicemia,analise de glicose,1,nhanes_laboratory.ssglyp_j,1
analise de glicemia,analise de gravidez,1,nhanes_laboratory.ucpreg_j,1
analise de glicemia,analise de hemoglobina,2,nhanes_laboratory.cot_j; nhanes_laboratory.hepbd_j,2
analise de glicemia,analise de hemograma,1,nhanes_laboratory.cbc_j,1
analise de glicemia,analise de hemograma completo,1,nhanes_laboratory.cbc_j,1
analise de glicemia,analise de hormonios,1,nhanes_laboratory.sstst_j,1
analise de glicemia,analise de insulina,1,nhanes_laboratory.ins_j,1
analise de glicemia,analise de lipoproteinas,1,nhanes_laboratory.trigly_j,1
analise de glicemia,analise de triglicerideos,1,nhanes_laboratory.trigly_j,1
analise de glicemia,analise de vitamina d,1,nhanes_laboratory.vid_j,1
nivel de ferro,capacidade de ligacao do ferro,1,nhanes_laboratory.fetib_j,1
nivel de ferro,chumbo sanguineo,1,nhanes_laboratory.pbcd_j,1
nivel de ferro,concentracao de iodo,1,nhanes_laboratory.uio_j,1
nivel de ferro,concentracao de mercurio no sangue,1,nhanes_laboratory.pbcd_j,1
nivel de ferro,concentracao de metais,1,nhanes_laboratory.uvoc_j,1
nivel de ferro,concentracao de metais na urina,1,nhanes_laboratory.phthte_j,1
nivel de ferro,concentracao de selenio,1,nhanes_laboratory.pernt_j,1
nivel de ferro,distribuicao de iodo na populacao,1,nhanes_laboratory.uni_j,1
nivel de ferro,indice de saturacao de transferrina,2,nhanes_laboratory.fetib_j; nhanes_laboratory.tfr_j,2
nivel de ferro,metabolismo do ferro,1,nhanes_laboratory.tfr_j,1
nivel de ferro,nivel de ferro,1,nhanes_laboratory.tfr_j,1
nivel de ferro,percentual de saturacao de ferro,1,nhanes_laboratory.fetib_j,1
mobilidade e cuidados,classificacao de ajuda para locomocao,1,nhanes_questionnaire.hoq_j,1
mobilidade e cuidados,mobilidade e cuidados,1,nhanes_questionnaire.huq_j,1
mobilidade e cuidados,qualidade de vida,11,nhanes_questionnaire.auq_j; nhanes_questionnaire.dlq_j; nhanes_questionnaire.ecq_j; nhanes_questionnaire.heq_j; nhanes_questionnaire.hiq_j; nhanes_questionnaire.hsq_j; nhanes_questionnaire.huq_j; nhanes_questionnaire.kiq_u_j; nhanes_questionnaire.osq_j; nhanes_questionnaire.pfq_j; nhanes_questionnaire.whqmec_j,11
densidade ossea,composicao corporal por dxa,2,nhanes_examination.dxx_j; nhanes_examination.dxxfem_j,2
densidade ossea,conteudo mineral osseo,1,nhanes_examination.dxxspn_j,1
densidade ossea,densidade mineral ossea,4,nhanes_examination.dxx_j; nhanes_examination.dxxfem_j; nhanes_examination.dxxspn_j,3
densidade ossea,densidade ossea,1,nhanes_examination.dxxspn_j,1
densidade ossea,densitometria ossea,1,nhanes_examination.dxx_j,1
densidade ossea,exame dxa,1,nhanes_examination.dxx_j,1
densidade ossea,exames de densidade ossea,1,nhanes_examination.dxx_j,1
densidade ossea,medidas de luxacao,1,nhanes_examination.lux_j,1
densidade ossea,tamanho de protese,1,nhanes_examination.lux_j,1
frequencia de consumo,comportamento de consumo,1,nhanes_questionnaire.smq_j,1
frequencia de consumo,frequencia de consumo,3,nhanes_questionnaire.alq_j; nhanes_questionnaire.duq_j,2
frequencia de consumo,frequencia de uso,3,nhanes_dietary.dsqids_j; nhanes_questionnaire.duq_j; nhanes_questionnaire.rxqasa_j,3
frequencia de consumo,frequencia de valores,1,nhanes_questionnaire.whq_j,1
frequencia de consumo,localizacao de consumo,1,nhanes_dietary.ds2ids_j,1
frequencia de consumo,padroes de consumo,1,nhanes_questionnaire.fsq_j,1
frequencia de consumo,preferencias de consumo,1,nhanes_questionnaire.cdq_j,1
frequencia de consumo,quantidade de bebidas,1,nhanes_questionnaire.alq_j,1
perfil bioquimico serico,cotinina serica,1,nhanes_laboratory.cot_j,1
perfil bioquimico serico,eritrograma,1,nhanes_laboratory.cbc_j,1
perfil bioquimico serico,parametros hematologicos,1,nhanes_laboratory.cbc_j,1
perfil bioquimico serico,perfil bioquimico serico,1,nhanes_laboratory.biopro_j,1
perfil bioquimico serico,perfil de pfas,1,nhanes_laboratory.sspfas_j,1
perfil bioquimico serico,pfas sericos,1,nhanes_laboratory.pfas_j,1
perfil bioquimico serico,valores de referencia,4,nhanes_laboratory.alb_cr_j; nhanes_laboratory.crco_j; nhanes_laboratory.fertin_j; nhanes_laboratory.sspfas_j,4
perfil bioquimico serico,valores de referencia bioquimica,2,nhanes_laboratory.crco_j; nhanes_laboratory.ghb_j,2
analise de ureia,analise de albumina,1,nhanes_laboratory.alb_cr_j,1
analise de ureia,analise de ureia,2,nhanes_laboratory.alb_cr_j; nhanes_laboratory.pernt_j,2
analise de ureia,analise de urina,8,nhanes_laboratory.uas_j; nhanes_laboratory.uhg_j; nhanes_laboratory.uio_j; nhanes_laboratory.um_j; nhanes_laboratory.uni_j; nhanes_laboratory.uphopm_j; nhanes_laboratory.utas_j,7
niveis de vitamina b9,concentracao serica de vitamina c,1,nhanes_laboratory.vic_j,1
niveis de vitamina b9,dosagem de folato em hemacias,1,nhanes_laboratory.folate_j,1
niveis de vitamina b9,dosagem de folato serico,1,nhanes_laboratory.folate_j,1
niveis de vitamina b9,niveis de chumbo no sangue,1,nhanes_laboratory.pbcd_j,1
niveis de vitamina b9,niveis de etanol,1,nhanes_laboratory.ethox_j,1
niveis de vitamina b9,niveis de pfas no sangue,1,nhanes_laboratory.pfas_j,1
niveis de vitamina b9,niveis de substancias bioquimicas,1,nhanes_laboratory.biopro_j,1
niveis de vitamina b9,niveis de vitamina b9,1,nhanes_laboratory.folate_j,1
niveis de vitamina b9,niveis de vitamina c,1,nhanes_laboratory.vic_j,1
niveis de vitamina b9,niveis sericos de etoxietanol,1,nhanes_laboratory.ethox_j,1
niveis de vitamina b9,nivel de folato,1,nhanes_laboratory.folate_j,1
biomonitoramento,biomonitoramento,2,nhanes_laboratory.um_j; nhanes_laboratory.vocwb_j,2
biomonitoramento,biomonitoramento de contaminantes,1,nhanes_laboratory.uas_j,1
biomonitoramento,biomonitoramento de pah,1,nhanes_laboratory.pah_j,1
biomonitoramento,biomonitoramento de pfas,1,nhanes_laboratory.pfas_j,1
biomonitoramento,biomonitoramento populacional,1,nhanes_laboratory.opd_j,1
biomonitoramento,biomonitoramento urinario,3,nhanes_laboratory.ephpp_j; nhanes_laboratory.uphopm_j; nhanes_laboratory.uvoc_j,3
biomonitoramento,pesquisa biomedica,1,nhanes_laboratory.ephpp_j,1
concentracao de urina,concentracao de urina,1,nhanes_laboratory.ucm_j,1
concentracao de urina,concentracao urinaria de iodo,1,nhanes_laboratory.uni_j,1
concentracao de urina,exames de urina,4,nhanes_laboratory.uas_j; nhanes_laboratory.uhg_j; nhanes_laboratory.uio_j; nhanes_laboratory.um_j,4
concentracao de urina,niveis de urina,1,nhanes_laboratory.pernt_j,1
concentracao de urina,tempo de coleta de urina,1,nhanes_laboratory.ucflow_j,1
concentracao de urina,tempo de coleta urinaria,1,nhanes_laboratory.ucflow_j,1
concentracao de urina,urina gravidez teste,1,nhanes_laboratory.ucpreg_j,1
biomarcadores de saude,analise de biomarcadores,8,nhanes_laboratory.biopro_j; nhanes_laboratory.crco_j; nhanes_laboratory.ephpp_j; nhanes_laboratory.fetib_j; nhanes_laboratory.pbcd_j; nhanes_laboratory.ssfr_j; nhanes_laboratory.um_j; nhanes_laboratory.vic_j,8
biomarcadores de saude,biomarcadores de saude,1,nhanes_laboratory.ssglyp_j,1
analise de marcadores laboratoriais,analise de biomarcadores laboratoriais,1,nhanes_laboratory.pbcd_j,1
analise de marcadores laboratoriais,analise de marcadores laboratoriais,1,nhanes_laboratory.ssuvcm_j,1
analise de marcadores laboratoriais,avaliacao de marcadores laboratoriais,1,nhanes_laboratory.sstst_j,1
analise de marcadores laboratoriais,biomarcador laboratorial,2,nhanes_laboratory.fertin_j; nhanes_laboratory.ssagp_j,2
analise de marcadores laboratoriais,marcadores laboratoriais,3,nhanes_laboratory.alb_cr_j; nhanes_laboratory.cot_j; nhanes_laboratory.ihgem_j,3
analise de marcadores laboratoriais,niveis de marcadores laboratoriais,1,nhanes_laboratory.vid_j,1
concentracao de analitos,avaliacao de concentracoes quimicas,1,nhanes_laboratory.pah_j,1
concentracao de analitos,concentracao de analitos,2,nhanes_laboratory.uas_j; nhanes_laboratory.uhg_j,2
concentracao de analitos,concentracao de etoxiquina em amostras,1,nhanes_laboratory.ethox_j,1
concentracao de analitos,concentracao de substancias,2,nhanes_laboratory.fr_j; nhanes_laboratory.um_j,2
concentracao de analitos,deteccao de substancias,1,nhanes_laboratory.ucm_j,1
concentracao de analitos,presenca de etoxiquina em laboratorio,1,nhanes_laboratory.ethox_j,1
concentracao de analitos,valores de limite de deteccao,1,nhanes_laboratory.phthte_j,1
condicao dentaria,classificacao condicoes cronicas,1,nhanes_questionnaire.mcq_j,1
condicao dentaria,condicao dental,1,nhanes_examination.ohxden_j,1
condicao dentaria,condicao dentaria,1,nhanes_examination.ohxref_j,1
condicao dentaria,condicoes cronicas,2,nhanes_questionnaire.ecq_j; nhanes_questionnaire.mcq_j,2
condicao dentaria,condicoes medicas associadas,1,nhanes_questionnaire.rxq_rx_j,1
condicao dentaria,historico familiar de doencas,1,nhanes_questionnaire.mcq_j,1
condicao dentaria,status de saude bucal,1,nhanes_examination.ohxref_j,1
dados nutricionais,dados laboratoriais nutricionais,1,nhanes_laboratory.folate_j,1
dados nutricionais,dados nutricionais,1,nhanes_laboratory.folate_j,1
dados nutricionais,nutrientes totais,1,nhanes_dietary.dsqtot_j,1
dados nutricionais,suplementos alimentares,1,nhanes_questionnaire.inq_j,1
dados nutricionais,suplementos nutricionais,3,nhanes_dietary.ds1ids_j; nhanes_dietary.ds2ids_j; nhanes_dietary.dsqids_j,3
dados nutricionais,valores nutricionais,1,nhanes_questionnaire.cbq_j,1
exame dentario,exame de visao,1,nhanes_examination.lux_j,1
exame dentario,exame dentario,3,nhanes_examination.ohxden_j; nhanes_examination.ohxref_j,2
exame dentario,exame fisico,1,nhanes_examination.ohxden_j,1
exame dentario,exame odontologico,1,nhanes_examination.ohxref_j,1
exame dentario,medo de exame,1,nhanes_examination.auxwbr_j,1
exame dentario,status de exame oral,1,nhanes_examination.ohxref_j,1
valores de marcadores sanguineos,marcadores de alergia,1,nhanes_laboratory.ssuvcm_j,1
valores de marcadores sanguineos,marcadores inflamatorios,1,nhanes_laboratory.hscrp_j,1
valores de marcadores sanguineos,valores de biomarcadores,4,nhanes_laboratory.fr_j; nhanes_laboratory.pah_j; nhanes_laboratory.uphopm_j; nhanes_laboratory.utas_j,4
valores de marcadores sanguineos,valores de marcadores,1,nhanes_laboratory.ssuvoc_j,1
valores de marcadores sanguineos,valores de marcadores sanguineos,1,nhanes_laboratory.vocwb_j,1
uso de medicamentos,uso de drogas,1,nhanes_questionnaire.duq_j,1
uso de medicamentos,uso de medicamentos,7,nhanes_examination.lux_j; nhanes_questionnaire.bpq_j; nhanes_questionnaire.rxq_rx_j; nhanes_questionnaire.rxqasa_j,4
niveis de cotinina,analise de cotinina,2,nhanes_laboratory.cot_j; nhanes_laboratory.ucot_j,2
niveis de cotinina,compostos nitrogenados,1,nhanes_laboratory.pernt_j,1
niveis de cotinina,dosagem de cotinina,1,nhanes_laboratory.crco_j,1
niveis de cotinina,niveis de cotinina,1,nhanes_laboratory.cot_j,1
niveis de cotinina,niveis de nitrato,1,nhanes_laboratory.pernt_j,1
niveis de cotinina,niveis sericos de cotinina,1,nhanes_laboratory.ssneon_j,1
frequencia alimentar,avaliacao de frequencia alimentar,1,nhanes_questionnaire.fsq_j,1
frequencia alimentar,frequencia alimentar,1,nhanes_questionnaire.cbq_j,1
frequencia alimentar,frequencia de consumo de alimentos,2,nhanes_questionnaire.diq_j; nhanes_questionnaire.fsq_j,2
frequencia alimentar,frequencia de refeicoes,1,nhanes_questionnaire.dbq_j,1
frequencia alimentar,frequencia de suplementacao,1,nhanes_dietary.dsqids_j,1
frequencia alimentar,pontuacao frequencia alimentar,1,nhanes_questionnaire.cbqpfc_j,1
historico gestacional,ciclo 2017-2018,1,nhanes_admin.load_catalog,1
historico gestacional,deficiencia de vitamina c,1,nhanes_laboratory.vic_j,1
historico gestacional,deficiencia de vitaminas,1,nhanes_laboratory.vid_j,1
historico gestacional,genero,1,nhanes_demographics.demo_j,1
historico gestacional,historico gestacional,1,nhanes_questionnaire.rhq_j,1
historico gestacional,historico menstrual,1,nhanes_questionnaire.rhq_j,1
historico gestacional,triagem gestacional,1,nhanes_laboratory.ucpreg_j,1
idade e genero,cidadania e imigracao,1,nhanes_demographics.demo_j,1
idade e genero,idade,1,nhanes_demographics.demo_j,1
idade e genero,idade e genero,1,nhanes_demographics.demo_j,1
idade e genero,idade na entrevista,1,nhanes_questionnaire.ecq_j,1
idade e genero,identificacao de participantes,1,nhanes_laboratory.ucpreg_j,1
idade e genero,numero de quartos,1,nhanes_questionnaire.hoq_j,1
idade e genero,ocupacao,1,nhanes_questionnaire.ocq_j,1
exposicao a compostos organicos volateis,compostos organicos volateis,2,nhanes_laboratory.ssuvoc_j; nhanes_laboratory.vocwb_j,2
exposicao a compostos organicos volateis,contaminantes ambientais,1,nhanes_laboratory.ephpp_j,1
exposicao a compostos organicos volateis,exposicao a compostos organicos volateis,2,nhanes_laboratory.uvoc_j; nhanes_questionnaire.vtq_j,2
exposicao a compostos organicos volateis,exposicao a iodo,1,nhanes_laboratory.uio_j,1
exposicao a compostos organicos volateis,exposicao ao iodo,1,nhanes_laboratory.uni_j,1
frequencia de uso de tabaco,consumo de alcool,3,nhanes_questionnaire.alq_j,1
frequencia de uso de tabaco,consumo de cafeina,1,nhanes_laboratory.fastqx_j,1
frequencia de uso de tabaco,frequencia de fumo,2,nhanes_questionnaire.smqfam_j; nhanes_questionnaire.smqrtu_j,2
frequencia de uso de tabaco,frequencia de uso de tabaco,1,nhanes_questionnaire.puqmec_j,1
imunoglobulina g,glicoproteina especifica,1,nhanes_laboratory.ssglyp_j,1
imunoglobulina g,imunoglobulina a,1,nhanes_laboratory.cmv_j,1
imunoglobulina g,imunoglobulina g,1,nhanes_laboratory.cmv_j,1
imunoglobulina g,imunoglobulina m,1,nhanes_laboratory.cmv_j,1
imunoglobulina g,imunoglobulinas igg e igm,1,nhanes_laboratory.cmv_j,1
imunoglobulina g,presenca de dhrplc,1,nhanes_laboratory.hscrp_j,1
imunoglobulina g,ssagp serico,1,nhanes_laboratory.ssagp_j,1
prevalencia de sintomas,prevalencia de condicoes de sono,1,nhanes_questionnaire.hsq_j,1
prevalencia de sintomas,prevalencia de problemas bucais,1,nhanes_questionnaire.ohq_j,1
prevalencia de sintomas,prevalencia de sintomas,1,nhanes_questionnaire.imq_j,1
prevalencia de sintomas,sintomas depressivos,3,nhanes_laboratory.fastqx_j; nhanes_questionnaire.deq_j; nhanes_questionnaire.dpq_j,3
prevalencia de sintomas,sintomas respiratorios,1,nhanes_questionnaire.cdq_j,1
analise de vitamina c,analise de alcool,1,nhanes_laboratory.vitaec_j,1
analise de vitamina c,analise de opioides,1,nhanes_laboratory.opd_j,1
analise de vitamina c,analise de substancias quimicas,2,nhanes_laboratory.sspfas_j; nhanes_laboratory.vocwb_j,2
analise de vitamina c,analise de vitamina a,1,nhanes_laboratory.vitaec_j,1
analise de vitamina c,analise de vitamina c,1,nhanes_laboratory.vic_j,1
niveis de biomarcadores,analise de biomarcadores sanguineos,1,nhanes_laboratory.biopro_j,1
niveis de biomarcadores,marcadores de doencas,1,nhanes_laboratory.hepbd_j,1
niveis de biomarcadores,marcadores de funcao hepatica e renal,1,nhanes_laboratory.biopro_j,1
niveis de biomarcadores,niveis de biomarcadores,2,nhanes_laboratory.pfas_j; nhanes_laboratory.vitaec_j,2
niveis de biomarcadores,variabilidade de biomarcadores,1,nhanes_laboratory.ssagp_j,1
utilizacao de servicos de saude,categorias de dados de saude,1,nhanes_admin.load_catalog,1
utilizacao de servicos de saude,ocupacao e saude,1,nhanes_questionnaire.osq_j,1
utilizacao de servicos de saude,uso de servicos de saude,3,nhanes_questionnaire.acq_j; nhanes_questionnaire.hsq_j; nhanes_questionnaire.kiq_u_j,3
utilizacao de servicos de saude,utilizacao de servicos de saude,1,nhanes_questionnaire.huq_j,1
frequencia de sintomas,comportamento compulsivo,1,nhanes_questionnaire.ocq_j,1
frequencia de sintomas,comportamento social,1,nhanes_questionnaire.osq_j,1
frequencia de sintomas,frequencia de sintomas,3,nhanes_questionnaire.hiq_j; nhanes_questionnaire.puqmec_j; nhanes_questionnaire.smqfam_j,3
frequencia de sintomas,frequencia de sintomas respiratorios,1,nhanes_questionnaire.smqrtu_j,1
dados de urina,dados de urina,2,nhanes_laboratory.opd_j; nhanes_laboratory.ucpreg_j,2
dados de urina,fluxo urinario,3,nhanes_laboratory.ucflow_j,1
dados de urina,resultado laboratorial urina,1,nhanes_laboratory.ucpreg_j,1
teste de hiv,hiv anticorpos,1,nhanes_laboratory.hiv_j,1
teste de hiv,hiv soroprevalencia,1,nhanes_laboratory.hiv_j,1
teste de hiv,hiv sorotipagem,1,nhanes_laboratory.hiv_j,1
teste de hiv,status de hiv,1,nhanes_laboratory.hiv_j,1
teste de hiv,teste de hiv,1,nhanes_laboratory.hiv_j,1
teste de hiv,testes de hiv,1,nhanes_laboratory.hiv_j,1
creatinina urinaria,albumina urinaria,1,nhanes_laboratory.alb_cr_j,1
creatinina urinaria,creatinina urinaria,1,nhanes_laboratory.alb_cr_j,1
creatinina urinaria,valores de urina,3,nhanes_laboratory.ucm_j; nhanes_laboratory.ucot_j; nhanes_laboratory.uni_j,3
dosagem de creatinina,analise de creatinina,1,nhanes_laboratory.crco_j,1
dosagem de creatinina,avaliacao de funcao renal,1,nhanes_examination.aux_j,1
dosagem de creatinina,dosagem de creatinina,1,nhanes_laboratory.crco_j,1
dosagem de creatinina,excrecao de creatinina,1,nhanes_laboratory.alb_cr_j,1
dosagem de creatinina,razao albumina-creatinina,1,nhanes_laboratory.alb_cr_j,1
prevalencia de anticorpos hbs,analise de hepatite b,1,nhanes_laboratory.hepb_s_j,1
prevalencia de anticorpos hbs,marcadores de hepatite,1,nhanes_laboratory.hepc_j,1
prevalencia de anticorpos hbs,prevalencia de anticorpos hav,1,nhanes_laboratory.hepa_j,1
prevalencia de anticorpos hbs,prevalencia de anticorpos hbs,1,nhanes_laboratory.hepb_s_j,1
prevalencia de anticorpos hbs,sorologia cmv,1,nhanes_laboratory.cmv_j,1
perda dentaria,carie dentaria,1,nhanes_examination.ohxden_j,1
perda dentaria,condicao de dentes,1,nhanes_examination.ohxref_j,1
perda dentaria,inflamacao,1,nhanes_laboratory.hscrp_j,1
perda dentaria,perda dentaria,1,nhanes_questionnaire.ohq_j,1
perda dentaria,uso de protese dentaria,1,nhanes_questionnaire.ohq_j,1
pesquisa nhanes,ciclos de pesquisa nhanes,1,nhanes_admin.load_catalog,1
pesquisa nhanes,pesos amostrais nhanes,1,nhanes_laboratory.ssagp_j,1
pesquisa nhanes,pesquisa nhanes,3,nhanes_dietary.ds2ids_j; nhanes_laboratory.ucm_j; nhanes_laboratory.uhg_j,3
condicoes de saude,condicoes de saude,2,nhanes_examination.ohxref_j; nhanes_questionnaire.acq_j,2
condicoes de saude,condicoes de saude associadas,1,nhanes_questionnaire.rxq_rx_j,1
condicoes de saude,status de saude,2,nhanes_examination.ohxden_j; nhanes_examination.ohxref_j,2
indice de gordura,historico de peso,1,nhanes_questionnaire.whq_j,1
indice de gordura,indice de gordura,1,nhanes_examination.dxxag_j,1
indice de gordura,massa gorda e magra,1,nhanes_examination.dxxag_j,1
indice de gordura,peso dietetico individual,1,nhanes_dietary.dr1iff_j,1
indice de gordura,tentativas de emagrecimento,1,nhanes_questionnaire.whqmec_j,1
saude dentaria,saude bucal,3,nhanes_examination.ohxden_j; nhanes_questionnaire.cbqpfa_j; nhanes_questionnaire.ohq_j,3
saude dentaria,saude dentaria,1,nhanes_examination.ohxden_j,1
saude dentaria,saude ossea,1,nhanes_examination.dxxfem_j,1
avaliacao indicadores nutricionais,avaliacao de deficiencias nutricionais,1,nhanes_laboratory.vid_j,1
avaliacao indicadores nutricionais,avaliacao de ingestao calorica,1,nhanes_dietary.ds2tot_j,1
avaliacao indicadores nutricionais,avaliacao indicadores nutricionais,1,nhanes_questionnaire.inq_j,1
avaliacao indicadores nutricionais,avaliacao ingestao potassio,1,nhanes_questionnaire.kiq_u_j,1
classificacao de resultados sorologicos,avaliacao de imunoglobulinas,1,nhanes_laboratory.cmv_j,1
classificacao de resultados sorologicos,classificacao de resultados sorologicos,1,nhanes_laboratory.cmv_j,1
classificacao de resultados sorologicos,prevalencia de anticorpos,1,nhanes_laboratory.cmv_j,1
classificacao de resultados sorologicos,testes laboratoriais de cmv,1,nhanes_laboratory.cmv_j,1
cobertura de saude,cobertura de saude,1,nhanes_questionnaire.hiq_j,1
cobertura de saude,mudanca de plano de saude,1,nhanes_questionnaire.hiq_j,1
cobertura de saude,tipo de plano de saude,1,nhanes_questionnaire.hiq_j,1
cobertura de saude,trabalho e saude,1,nhanes_questionnaire.osq_j,1
vacinacao,cobertura vacinal,1,nhanes_questionnaire.imq_j,1
vacinacao,imunizacao,1,nhanes_questionnaire.imq_j,1
vacinacao,saude hepatica,1,nhanes_questionnaire.heq_j,1
vacinacao,vacinacao,1,nhanes_questionnaire.imq_j,1
idade de inicio,dificuldades funcionais,1,nhanes_questionnaire.pfq_j,1
idade de inicio,idade de inicio,1,nhanes_questionnaire.duq_j,1
idade de inicio,idade de inicio de limitacao,1,nhanes_questionnaire.pfq_j,1
idade de inicio,idade de inicio de uso,1,nhanes_questionnaire.duq_j,1
escore de depressao,escore de depressao,1,nhanes_questionnaire.deq_j,1
escore de depressao,escore de sintomas depressivos,1,nhanes_questionnaire.dpq_j,1
escore de depressao,pontuacao de sintomas depressivos,1,nhanes_laboratory.fastqx_j,1
escore de depressao,respostas de depressao,1,nhanes_questionnaire.dpq_j,1
metadados de arquivos de dados,estrutura de tabelas de dados,1,nhanes_admin.load_catalog,1
metadados de arquivos de dados,metadados de arquivos de dados,1,nhanes_admin.load_catalog,1
metadados de arquivos de dados,pesquisa de valores de referencia,1,nhanes_laboratory.ssuvcm_j,1
metadados de arquivos de dados,variabilidade de resultados,1,nhanes_laboratory.ssfr_j,1
frequencia de respostas,frequencia de respostas,4,nhanes_questionnaire.auq_j; nhanes_questionnaire.cbqpfa_j; nhanes_questionnaire.fsq_j; nhanes_questionnaire.pfq_j,4
metabolitos de solventes,mercurio total,1,nhanes_laboratory.pbcd_j,1
metabolitos de solventes,metabolitos de nicotina,1,nhanes_laboratory.ucot_j,1
metabolitos de solventes,metabolitos de solventes,1,nhanes_laboratory.uvoc_j,1
metabolitos de solventes,metabolitos organofosforados,1,nhanes_laboratory.uphopm_j,1
questionario de dieta,questionario de alimentacao,1,nhanes_questionnaire.fsq_j,1
questionario de dieta,questionario de dieta,1,nhanes_questionnaire.deq_j,1
questionario de dieta,questionario dietetico,1,nhanes_questionnaire.cbq_j,1
questionario de dieta,respostas de questionario de dieta,1,nhanes_questionnaire.diq_j,1
aleitamento materno,aleitamento materno,1,nhanes_questionnaire.dbq_j,1
aleitamento materno,anemia ferropriva,1,nhanes_laboratory.fertin_j,1
aleitamento materno,gravidez em mulheres,1,nhanes_laboratory.ucpreg_j,1
altura,altura,1,nhanes_questionnaire.whq_j,1
altura,cdq,1,nhanes_questionnaire.cdq_j,1
altura,hematocrito,1,nhanes_laboratory.cot_j,1
avaliacao de condicoes dentarias,avaliacao de condicoes dentarias,1,nhanes_questionnaire.ohq_j,1
avaliacao de condicoes dentarias,avaliacao de deficiencia de vitamina c,1,nhanes_laboratory.vic_j,1
avaliacao de condicoes dentarias,avaliacao de saude vocal,1,nhanes_questionnaire.vtq_j,1
avaliacao psicologica,avaliacao de dificuldade de locomocao,1,nhanes_questionnaire.hoq_j,1
avaliacao psicologica,avaliacao psicologica,2,nhanes_questionnaire.dpq_j; nhanes_questionnaire.ecq_j,2
pontuacao de avaliacao,avaliacao de habitos,2,nhanes_questionnaire.alq_j; nhanes_questionnaire.inq_j,2
pontuacao de avaliacao,pontuacao de avaliacao,1,nhanes_questionnaire.pfq_j,1
pesquisa de diabetes,distribuicao de insulina,1,nhanes_laboratory.ins_j,1
pesquisa de diabetes,pesquisa de diabetes,2,nhanes_laboratory.glu_j; nhanes_laboratory.ins_j,2
hemograma completo,eletrolitos e enzimas sericas,1,nhanes_laboratory.biopro_j,1
hemograma completo,hemograma completo,1,nhanes_laboratory.cbc_j,1
hemograma completo,leucograma,1,nhanes_laboratory.cbc_j,1
exames medicos,exames medicos,2,nhanes_examination.auxar_j; nhanes_examination.dxxfem_j,2
exames medicos,idade de diagnostico,1,nhanes_questionnaire.mcq_j,1
tratamento medico,historico de doencas renais,1,nhanes_questionnaire.kiq_u_j,1
tratamento medico,tecnicas cirurgicas,1,nhanes_examination.lux_j,1
tratamento medico,tratamento medico,1,nhanes_examination.lux_j,1
medicamentos prescritos,hormonios sexuais,1,nhanes_laboratory.sstst_j,1
medicamentos prescritos,medicamentos prescritos,1,nhanes_questionnaire.rxqasa_j,1
medicamentos prescritos,risco cardiovascular,1,nhanes_laboratory.hscrp_j,1
limiares de deteccao,limiares de deteccao,2,nhanes_laboratory.ssfr_j; nhanes_laboratory.ssglyp_j,2
limiares de deteccao,limiares tonais,1,nhanes_examination.auxar_j,1
niveis sericos de hidrocortisona,niveis sericos de androstenediona,1,nhanes_laboratory.ssneon_j,1
niveis sericos de hidrocortisona,niveis sericos de hidrocortisona,1,nhanes_laboratory.ssneon_j,1
niveis sericos de hidrocortisona,niveis sericos de peptideo c,1,nhanes_laboratory.ssfr_j,1
nivel de lbdhddsi,nivel de hscrp,1,nhanes_laboratory.hscrp_j,1
nivel de lbdhddsi,nivel de lbdhdd,1,nhanes_laboratory.hdl_j,1
nivel de lbdhddsi,nivel de lbdhddsi,1,nhanes_laboratory.hdl_j,1
padroes de respostas em pesquisa,padroes de resposta em pesquisa,1,nhanes_questionnaire.dlq_j,1
padroes de respostas em pesquisa,padroes de respostas em pesquisa,1,nhanes_questionnaire.rhq_j,1
padroes de respostas em pesquisa,respostas de pesquisa,1,nhanes_questionnaire.paqy_j,1
pesquisa de substancias especificas,pesquisa de arsenio,1,nhanes_laboratory.utas_j,1
pesquisa de substancias especificas,pesquisa de substancias especificas,1,nhanes_laboratory.sstst_j,1
pesquisa de substancias especificas,tempo de coleta,1,nhanes_laboratory.ucflow_j,1
saude cardiovascular,saude cardiovascular,1,nhanes_laboratory.trigly_j,1
saude cardiovascular,saude intestinal,1,nhanes_questionnaire.hiq_j,1
saude cardiovascular,saude reprodutiva feminina,1,nhanes_questionnaire.rhq_j,1
fatores de ponderacao amostral,amostragem populacional,1,nhanes_laboratory.utas_j,1
fatores de ponderacao amostral,fatores de ponderacao amostral,1,nhanes_laboratory.ins_j,1
biomonitoramento laboratorial,biomonitoramento laboratorial,1,nhanes_laboratory.phthte_j,1
biomonitoramento laboratorial,pesquisa laboratorial de saude,1,nhanes_laboratory.pfas_j,1
etnia e origem,classificacao de asma,1,nhanes_questionnaire.smqshs_j,1
etnia e origem,etnia e origem,1,nhanes_demographics.demo_j,1
concentracao de metabolitos,concentracao de ghb,1,nhanes_laboratory.ghb_j,1
concentracao de metabolitos,concentracao de metabolitos,1,nhanes_laboratory.uphopm_j,1
tamanho da familia,condicao de moradia,1,nhanes_questionnaire.hoq_j,1
tamanho da familia,tamanho da familia,1,nhanes_questionnaire.hoq_j,1
contagem de celulas sanguineas,contagem de celulas sanguineas,2,nhanes_laboratory.cbc_j,1
depressao,depressao,2,nhanes_questionnaire.dlq_j; nhanes_questionnaire.dpq_j,2
diabetes,diabetes,2,nhanes_laboratory.ghb_j; nhanes_questionnaire.diq_j,2
marcadores de exposicao ao tabaco,exposicao a tabaco,1,nhanes_laboratory.ucot_j,1
marcadores de exposicao ao tabaco,marcadores de exposicao ao tabaco,1,nhanes_laboratory.crco_j,1
variaveis bioquimicas,micronutrientes laboratoriais,1,nhanes_laboratory.vitaec_j,1
variaveis bioquimicas,variaveis bioquimicas,1,nhanes_laboratory.biopro_j,1
peso corporal amostras,percepcao de peso,1,nhanes_questionnaire.whqmec_j,1
peso corporal amostras,peso corporal amostras,1,nhanes_questionnaire.cbqpfc_j,1
pesquisa de saude,pesquisa de saude,1,nhanes_laboratory.uvoc_j,1
pesquisa de saude,questoes de saude,1,nhanes_questionnaire.diq_j,1
questionario de saude auditiva,questionario de saude auditiva,1,nhanes_questionnaire.auq_j,1
questionario de saude auditiva,respostas questionario auditivo,1,nhanes_questionnaire.auq_j,1
seguranca alimentar,seguranca alimentar,2,nhanes_questionnaire.fsq_j; nhanes_questionnaire.inq_j,2
valores de ureia,valores de creatinina,1,nhanes_laboratory.opd_j,1
valores de ureia,valores de ureia,1,nhanes_laboratory.opd_j,1
analise de folato,analise de folato,1,nhanes_laboratory.folate_j,1
analise de variaveis numericas,analise de variaveis numericas,1,nhanes_laboratory.ssagp_j,1
catalogo nhanes,catalogo nhanes,1,nhanes_admin.load_catalog,1
coluna vertebral,coluna vertebral,1,nhanes_examination.dxxspn_j,1
diagnosticos de doencas,diagnosticos de doencas,1,nhanes_questionnaire.rxq_rx_j,1
dieta e saude,dieta e saude,1,nhanes_dietary.dr1tot_j,1
dosagem de medicamentos,dosagem de medicamentos,1,nhanes_questionnaire.rxqasa_j,1
estoque de ferro,estoque de ferro,1,nhanes_laboratory.fertin_j,1
exame de coluna,exame de coluna,1,nhanes_examination.dxxspn_j,1
fatores de risco,fatores de risco,1,nhanes_examination.auxwbr_j,1
lateralidade do braco,lateralidade do braco,1,nhanes_examination.bpxo_j,1
marcadores bioquimicos,marcadores bioquimicos,1,nhanes_laboratory.sstst_j,1
pesquisa dietetica nhanes,pesquisa dietetica nhanes,1,nhanes_dietary.ds1ids_j,1
prevalencia de hiv,prevalencia de hiv,1,nhanes_laboratory.hiv_j,1
resultados de exames bioquimicos,resultados de exames bioquimicos,1,nhanes_laboratory.vocwb_j,1
resultados sorologicos,resultados sorologicos,1,nhanes_laboratory.hepe_j,1
